-- Вставка даних в таблицю Students
INSERT INTO Students (student_id, first_name, last_name, group_id)
VALUES (1, 'Заруба', 'Алла', 1), (2, 'Козаченко', 'Василина', 3), (3, 'Засуха', 'Лукʼян', 1), (4, 'Кармалюк', 'Клавдія', 2), (5, 'Оробець', 'Ігнат', 2), (6, 'Перепелиця', 'Марʼяна', 1), (7, 'Цюцюра', 'Валентин', 2), (8, 'Євдокименко', 'Ліза', 3), (9, 'Сиротенко', 'Тетяна', 2), (10, 'Дзюба', 'Святослав', 1), (11, 'Авраменко', 'Франц', 3), (12, 'Бевз', 'Захар', 2), (13, 'Авраменко', 'Трохим', 1), (14, 'Лаба', 'Леонід', 2), (15, 'Примаченко', 'Гаврило', 1), (16, 'Гоголь-Яновський', 'Андрій', 1), (17, 'Артимович', 'Василь', 3), (18, 'Цибуленко', 'Юстим', 1), (19, 'Габелко', 'Іван', 1), (20, 'Шаблій', 'Любов', 3), (21, 'Дутка', 'Ліза', 1), (22, 'Левченко', 'Валентина', 1), (23, 'Сич', 'Орест', 1), (24, 'Гузенко', 'Ярослав', 3), (25, 'Цимбал', 'Олена', 2), (26, 'Полтавець', 'Маруся', 1), (27, 'Адамчук', 'Аврелій', 3), (28, 'Романець', 'Орися', 1), (29, 'Чайка', 'Єфрем', 1), (30, 'Ящук', 'Панас', 1), (31, 'Єщенко', 'Віктор', 1), (32, 'Ільєнко', 'Оксенія', 1), (33, 'Перебийніс', 'Марина', 1), (34, 'Безбородько', 'Антон', 1), (35, 'Шутько', 'Пріска', 3), (36, 'Романчук', 'Ярема', 2), (37, 'Яценюк', 'Ірина', 1), (38, 'Даценко', 'Кирило', 2), (39, 'Штепа', 'Захар', 3), (40, 'Орлик', 'Орися', 3), (41, 'Яремчук', 'Георгій', 2), (42, 'Яремків', 'Володимир', 2), (43, 'Адаменко', 'Віолетта', 1), (44, 'Якимчук', 'Ірина', 3), (45, 'Бандурка', 'Азар', 2);

-- Вставка даних в таблицю Groups
INSERT INTO Groups (group_id, group_name)
VALUES (1, 'Поток_1'), (2, 'Поток_2'), (3, 'Поток_3');

-- Вставка даних в таблицю Teachers
INSERT INTO Teachers (teacher_id, first_name, last_name)
VALUES (1, 'Козак', 'Аркадій'), 
(2, 'Цюцюра', 'Світлана'), 
(3, 'Кабаненко', 'Григорій'), 
(4, 'Овсієнко', 'Йосип'), 
(5, 'Онуфрієнко', 'Валентин'), 
(6, 'Даниленко', 'Клавдія'), 
(7, 'Гаврилець', 'Ярина'), 
(8, 'Забіла', 'Ірена');

-- Вставка даних в таблицю Subjects
INSERT INTO Subjects (subject_id, subject_name, teacher_id)
VALUES (1, 'Математика', 2), (2, 'Програмування на Python', 1), (3, 'Програмування на Html та CSS', 4), (4, 'Англійська', 3), (5, 'Фізика', 7), (6, 'Хімія', 8), (7, 'Кібер безпека', 6), (8, 'Німецька', 5);

-- Вставка даних в таблицю Grades
INSERT INTO Grades (grade_id, student_id, subject_id, grade, grade_date)
VALUES (1, '16', '3', '8', '2023-11-10 17:36'), (2, '5', '3', '6', '2024-7-15 4:51'), (3, '10', '4', '2', '2024-9-20 17:30'), (4, '2', '6', '11', '2024-5-9 2:46'), (5, '4', '4', '9', '2023-12-29 9:3'), (6, '22', '8', '3', '2023-5-23 2:55'), (7, '25', '5', '1', '2024-10-10 11:60'), (8, '15', '4', '12', '2024-12-22 16:30'), (9, '16', '6', '4', '2024-1-2 17:56'), (10, '27', '8', '7', '2024-7-18 11:25'), (11, '13', '1', '5', '2023-9-7 1:21'), (12, '34', '7', '8', '2023-9-15 5:12'), (13, '34', '6', '8', '2023-7-8 2:20'), (14, '28', '5', '3', '2024-4-24 7:59'), (15, '29', '1', '11', '2023-2-30 17:49'), (16, '38', '8', '11', '2023-1-16 23:19'), (17, '21', '6', '11', '2024-5-3 16:21'), (18, '20', '6', '11', '2023-9-19 2:14'), (19, '11', '7', '11', '2024-2-20 10:43'), (20, '24', '1', '12', '2023-9-9 24:42'), (21, '26', '8', '10', '2024-5-8 14:56'), (22, '39', '1', '9', '2023-11-20 18:59'), (23, '28', '7', '3', '2024-4-16 18:32'), (24, '24', '7', '2', '2024-6-5 6:55'), (25, '39', '1', '1', '2024-12-13 10:9'), (26, '34', '2', '5', '2024-10-4 15:31'), (27, '19', '3', '12', '2024-12-13 24:29'), (28, '24', '2', '7', '2024-11-21 24:42'), (29, '27', '7', '12', '2023-2-21 9:26'), (30, '29', '4', '6', '2023-7-24 12:18'), (31, '21', '2', '9', '2023-11-12 10:11'), (32, '16', '7', '5', '2023-5-18 4:6'), (33, '17', '7', '6', '2023-7-4 24:14'), (34, '37', '4', '4', '2024-10-29 12:47'), (35, '10', '1', '9', '2023-9-13 18:25'), (36, '22', '1', '12', '2024-2-28 8:57'), (37, '9', '8', '3', '2023-5-17 16:34'), (38, '31', '7', '7', '2023-9-29 20:7'), (39, '41', '1', '8', '2024-1-21 14:38'), (40, '22', '2', '8', '2023-4-2 13:36'), (41, '29', '3', '9', '2023-11-19 15:17'), (42, '17', '1', '2', '2024-3-21 21:27'), (43, '4', '3', '9', '2024-5-29 23:57'), (44, '25', '2', '8', '2023-3-29 8:14'), (45, '17', '5', '3', '2024-2-17 4:42'), (46, '37', '2', '12', '2023-3-12 5:58'), (47, '10', '5', '2', '2024-2-24 11:53'), (48, '23', '5', '7', '2024-5-8 8:54'), (49, '14', '5', '10', '2024-5-1 12:34'), (50, '7', '8', '9', '2024-1-27 16:59'), (51, '2', '8', '11', '2023-9-3 16:23'), (52, '9', '7', '6', '2024-8-7 15:44'), (53, '25', '4', '10', '2023-1-14 2:20'), (54, '25', '2', '12', '2024-12-18 10:16'), (55, '40', '5', '10', '2023-6-27 1:52'), (56, '36', '2', '11', '2023-7-29 16:25'), (57, '30', '2', '7', '2024-12-19 13:51'), (58, '45', '8', '6', '2024-8-2 20:18'), (59, '43', '3', '2', '2024-6-30 13:34'), (60, '42', '6', '6', '2023-3-25 19:58'), (61, '39', '8', '1', '2024-11-23 7:57'), (62, '42', '4', '2', '2023-12-25 6:27'), (63, '2', '5', '12', '2024-5-12 22:8'), (64, '29', '7', '4', '2024-9-26 12:23'), (65, '43', '8', '5', '2023-6-12 9:60'), (66, '31', '6', '8', '2023-2-6 19:12'), (67, '22', '3', '10', '2024-8-29 10:31'), (68, '23', '2', '4', '2024-10-7 24:44'), (69, '8', '3', '8', '2024-3-26 4:5'), (70, '45', '2', '6', '2023-5-6 21:3'), (71, '30', '3', '3', '2023-5-14 7:17'), (72, '9', '2', '12', '2024-11-31 1:43'), (73, '4', '2', '3', '2023-8-17 17:13'), (74, '19', '6', '4', '2023-11-18 17:35'), (75, '38', '5', '6', '2024-6-6 8:41'), (76, '9', '8', '8', '2023-8-25 3:2'), (77, '36', '3', '3', '2023-9-13 3:17'), (78, '35', '6', '2', '2024-5-22 11:38'), (79, '8', '7', '10', '2024-10-29 8:43'), (80, '32', '2', '12', '2023-4-23 24:48'), (81, '17', '6', '6', '2023-2-15 19:25'), (82, '10', '7', '10', '2024-8-11 24:26'), (83, '39', '6', '10', '2024-11-2 12:60'), (84, '6', '3', '10', '2023-12-25 7:33'), (85, '19', '5', '9', '2024-4-5 10:20'), (86, '43', '5', '4', '2023-5-10 24:24'), (87, '36', '5', '4', '2023-3-6 16:25'), (88, '4', '2', '4', '2023-2-17 24:40'), (89, '17', '3', '5', '2024-3-15 21:25'), (90, '4', '1', '10', '2024-10-21 23:47'), (91, '16', '1', '1', '2023-6-6 18:30'), (92, '3', '5', '5', '2024-6-3 6:10'), (93, '39', '3', '12', '2023-8-21 1:10'), (94, '25', '4', '12', '2024-7-6 10:58'), (95, '7', '6', '5', '2023-5-18 20:60'), (96, '2', '1', '9', '2024-9-24 14:14'), (97, '14', '8', '3', '2023-1-5 10:14'), (98, '44', '2', '11', '2023-5-26 13:11'), (99, '20', '5', '7', '2023-10-18 16:18'), (100, '24', '3', '12', '2023-4-29 14:33'), (101, '24', '2', '2', '2023-9-30 24:2'), (102, '24', '3', '3', '2024-6-5 14:7'), (103, '12', '7', '3', '2023-12-7 21:44'), (104, '8', '6', '5', '2024-4-11 19:1'), (105, '25', '8', '2', '2023-12-26 19:32'), (106, '12', '5', '6', '2024-11-25 24:27'), (107, '16', '6', '7', '2023-4-9 11:22'), (108, '32', '2', '12', '2024-4-24 13:59'), (109, '15', '3', '3', '2024-2-18 16:32'), (110, '17', '3', '7', '2024-9-13 6:44'), (111, '33', '2', '5', '2024-11-10 15:26'), (112, '5', '4', '7', '2023-11-16 1:19'), (113, '22', '2', '5', '2023-5-10 22:27'), (114, '38', '2', '4', '2023-12-6 8:22'), (115, '22', '5', '4', '2023-4-7 1:21'), (116, '39', '1', '6', '2024-9-3 14:55'), (117, '34', '7', '1', '2024-4-30 9:36'), (118, '1', '6', '4', '2023-4-22 16:27'), (119, '12', '5', '1', '2023-5-21 16:26'), (120, '30', '6', '9', '2024-3-6 24:55'), (121, '6', '7', '4', '2024-12-19 21:33'), (122, '2', '1', '12', '2024-5-12 17:30'), (123, '35', '1', '3', '2024-5-5 9:12'), (124, '41', '3', '4', '2023-3-7 18:24'), (125, '45', '7', '5', '2024-5-7 10:10'), (126, '31', '3', '1', '2024-4-14 23:58'), (127, '18', '2', '7', '2023-11-13 4:46'), (128, '4', '8', '5', '2023-5-10 18:14'), (129, '41', '4', '4', '2024-2-28 13:35'), (130, '32', '8', '2', '2024-4-1 18:60'), (131, '13', '5', '11', '2023-12-10 2:51'), (132, '9', '4', '10', '2024-6-29 17:42'), (133, '38', '3', '9', '2024-8-21 2:7'), (134, '24', '3', '6', '2023-9-27 11:15'), (135, '23', '7', '9', '2023-4-15 13:34'), (136, '23', '2', '7', '2023-4-21 1:44'), (137, '31', '8', '6', '2024-5-9 15:38'), (138, '26', '4', '9', '2024-4-31 9:36'), (139, '24', '7', '9', '2023-2-13 13:29'), (140, '16', '7', '4', '2023-11-31 22:51'), (141, '16', '2', '4', '2024-9-22 13:41'), (142, '39', '7', '7', '2023-6-24 17:25'), (143, '43', '8', '9', '2023-2-20 4:45'), (144, '23', '8', '12', '2023-10-2 14:4'), (145, '9', '3', '12', '2024-12-27 7:30'), (146, '12', '7', '12', '2023-2-17 6:58'), (147, '9', '2', '7', '2024-8-10 19:60'), (148, '3', '3', '3', '2023-4-2 21:45'), (149, '37', '5', '5', '2024-8-6 19:11'), (150, '3', '3', '3', '2024-2-2 7:49'), (151, '38', '4', '6', '2023-12-10 9:58'), (152, '20', '8', '6', '2023-3-10 23:18'), (153, '14', '5', '1', '2024-11-14 5:52'), (154, '5', '6', '10', '2024-9-26 23:25'), (155, '5', '7', '1', '2024-6-3 23:40'), (156, '19', '1', '9', '2024-8-5 10:50'), (157, '22', '8', '5', '2024-1-10 23:60'), (158, '28', '5', '3', '2023-4-13 22:35'), (159, '25', '4', '9', '2024-10-23 7:51'), (160, '33', '3', '5', '2024-8-9 11:34'), (161, '35', '6', '2', '2023-11-4 5:44'), (162, '37', '7', '11', '2024-1-24 18:53'), (163, '9', '1', '10', '2024-2-10 7:27'), (164, '17', '4', '4', '2023-12-11 21:54'), (165, '44', '3', '9', '2024-1-27 19:28'), (166, '27', '8', '3', '2024-12-28 11:30'), (167, '42', '7', '5', '2024-12-20 7:27'), (168, '2', '2', '4', '2023-6-20 23:20'), (169, '14', '4', '6', '2024-6-31 5:59'), (170, '9', '7', '12', '2023-7-26 15:20'), (171, '6', '6', '12', '2024-8-18 18:35'), (172, '33', '8', '3', '2023-7-23 15:19'), (173, '27', '4', '10', '2024-5-1 15:40'), (174, '32', '3', '8', '2023-8-1 24:7'), (175, '2', '4', '12', '2024-9-17 23:32'), (176, '43', '8', '6', '2023-11-20 8:6'), (177, '27', '5', '11', '2023-1-19 16:8'), (178, '33', '7', '2', '2023-2-11 19:55'), (179, '14', '4', '11', '2023-4-19 1:45'), (180, '31', '8', '9', '2024-5-4 18:11'), (181, '16', '8', '7', '2023-9-19 23:21'), (182, '5', '7', '4', '2024-7-14 16:60'), (183, '14', '4', '1', '2023-12-14 14:41'), (184, '34', '1', '2', '2023-4-17 22:52'), (185, '35', '3', '5', '2023-6-25 12:6'), (186, '36', '7', '8', '2024-12-4 23:44'), (187, '14', '7', '7', '2024-1-10 12:40'), (188, '18', '1', '4', '2024-9-3 15:42'), (189, '27', '8', '5', '2023-7-18 15:50'), (190, '37', '1', '9', '2023-12-13 16:51'), (191, '30', '8', '1', '2024-12-26 10:45'), (192, '24', '2', '9', '2023-10-20 24:56'), (193, '31', '8', '7', '2024-6-25 15:20'), (194, '44', '2', '4', '2024-4-19 13:38'), (195, '5', '5', '1', '2024-11-13 15:42'), (196, '44', '2', '1', '2023-8-7 19:18'), (197, '39', '5', '12', '2023-5-25 21:31'), (198, '20', '2', '10', '2024-11-7 8:10'), (199, '21', '1', '7', '2024-9-23 16:44'), (200, '41', '7', '2', '2024-3-18 12:59'), (201, '31', '3', '2', '2024-2-20 18:42'), (202, '45', '7', '12', '2023-4-24 2:33'), (203, '29', '3', '9', '2023-1-29 15:52'), (204, '28', '6', '6', '2024-3-10 2:10'), (205, '31', '6', '4', '2024-3-8 20:1'), (206, '18', '2', '4', '2023-11-2 16:57'), (207, '29', '6', '9', '2024-8-8 2:36'), (208, '18', '1', '7', '2024-3-10 11:54'), (209, '42', '8', '12', '2023-11-23 24:15'), (210, '16', '2', '11', '2024-8-14 21:20'), (211, '36', '7', '8', '2023-12-13 14:15'), (212, '13', '8', '11', '2024-8-6 4:32'), (213, '39', '6', '2', '2023-9-21 8:35'), (214, '44', '1', '8', '2024-2-26 12:40'), (215, '43', '1', '10', '2024-8-3 8:1'), (216, '10', '3', '9', '2024-2-5 22:13'), (217, '24', '1', '8', '2024-2-18 13:20'), (218, '9', '2', '8', '2024-7-14 24:48'), (219, '25', '4', '3', '2023-12-30 13:55'), (220, '5', '8', '6', '2023-8-11 22:14'), (221, '35', '7', '4', '2024-10-17 16:35'), (222, '36', '2', '7', '2024-2-28 6:18'), (223, '29', '1', '2', '2023-4-6 11:10'), (224, '40', '1', '12', '2024-2-21 15:45'), (225, '28', '6', '2', '2023-6-23 9:57'), (226, '24', '2', '2', '2023-7-22 20:13'), (227, '24', '3', '11', '2024-7-14 13:13'), (228, '44', '7', '9', '2023-7-2 18:53'), (229, '42', '1', '9', '2024-10-15 18:52'), (230, '42', '6', '4', '2023-8-20 22:59'), (231, '15', '4', '1', '2023-5-29 8:48'), (232, '22', '1', '3', '2023-8-6 9:54'), (233, '23', '6', '6', '2023-1-19 7:53'), (234, '7', '3', '4', '2024-6-25 11:37'), (235, '21', '5', '10', '2023-12-1 14:17'), (236, '44', '7', '12', '2024-8-2 2:9'), (237, '24', '2', '5', '2024-2-30 15:8'), (238, '42', '7', '4', '2023-8-14 1:58'), (239, '25', '8', '7', '2024-4-31 22:53'), (240, '44', '2', '2', '2023-7-21 19:35'), (241, '20', '2', '9', '2024-3-17 16:32'), (242, '21', '5', '2', '2023-6-7 7:17'), (243, '35', '6', '10', '2024-3-21 16:43'), (244, '35', '6', '12', '2024-5-31 19:7'), (245, '12', '6', '5', '2023-1-10 5:13'), (246, '9', '3', '2', '2023-3-9 16:53'), (247, '43', '5', '10', '2024-11-31 12:2'), (248, '20', '4', '11', '2023-2-13 10:24'), (249, '45', '5', '9', '2024-4-19 8:44'), (250, '7', '1', '7', '2024-3-26 2:22'), (251, '6', '2', '3', '2024-6-30 19:27'), (252, '39', '3', '11', '2024-4-7 2:45'), (253, '42', '6', '6', '2024-5-15 6:16'), (254, '33', '3', '1', '2023-11-17 7:12'), (255, '42', '4', '10', '2023-6-24 15:29'), (256, '20', '5', '6', '2024-6-9 24:1'), (257, '4', '3', '9', '2024-6-15 16:4'), (258, '19', '1', '3', '2023-6-9 21:15'), (259, '24', '6', '6', '2023-12-9 1:58'), (260, '32', '8', '2', '2024-4-3 12:53'), (261, '10', '4', '10', '2024-4-22 2:14'), (262, '1', '1', '9', '2024-1-12 2:29'), (263, '12', '3', '12', '2024-6-28 4:8'), (264, '43', '8', '1', '2023-3-16 20:22'), (265, '30', '5', '8', '2023-5-3 5:54'), (266, '24', '3', '8', '2024-6-26 9:40'), (267, '24', '6', '2', '2024-7-11 22:16'), (268, '33', '3', '4', '2024-12-18 16:6'), (269, '29', '3', '3', '2024-3-23 16:57'), (270, '34', '5', '11', '2024-8-11 20:29'), (271, '10', '7', '12', '2024-3-6 1:8'), (272, '13', '7', '2', '2023-12-3 13:4'), (273, '9', '8', '5', '2023-9-4 21:36'), (274, '3', '5', '12', '2023-6-5 10:1'), (275, '7', '8', '8', '2024-12-28 6:54'), (276, '30', '2', '6', '2024-12-11 12:13'), (277, '6', '4', '6', '2024-3-24 22:40'), (278, '30', '8', '6', '2023-6-2 24:24'), (279, '24', '3', '7', '2024-9-28 16:49'), (280, '30', '1', '1', '2023-12-30 8:35'), (281, '45', '1', '10', '2024-9-22 24:21'), (282, '40', '5', '10', '2024-5-22 22:45'), (283, '31', '3', '2', '2024-7-22 24:38'), (284, '8', '3', '8', '2024-8-1 2:47'), (285, '11', '8', '6', '2023-4-12 9:27'), (286, '34', '5', '2', '2023-3-29 11:50'), (287, '20', '6', '6', '2024-12-21 9:29'), (288, '42', '8', '7', '2023-8-10 10:11'), (289, '25', '3', '5', '2023-7-12 22:43'), (290, '2', '6', '9', '2023-4-28 16:31'), (291, '16', '3', '3', '2024-7-15 15:12'), (292, '37', '7', '11', '2023-12-26 3:43'), (293, '6', '5', '1', '2024-5-17 22:23'), (294, '1', '7', '11', '2024-12-4 14:2'), (295, '8', '2', '10', '2024-2-3 2:57'), (296, '12', '1', '9', '2024-3-27 23:60'), (297, '23', '6', '3', '2024-1-29 9:13'), (298, '1', '1', '10', '2024-1-8 10:24'), (299, '9', '6', '1', '2024-3-3 14:30'), (300, '16', '2', '11', '2024-9-10 14:6'), (301, '43', '5', '10', '2024-10-26 4:32'), (302, '37', '8', '4', '2023-4-22 3:59'), (303, '9', '5', '11', '2024-12-13 3:29'), (304, '30', '3', '11', '2023-10-15 14:9'), (305, '25', '4', '9', '2024-5-18 17:40'), (306, '32', '7', '8', '2023-12-3 18:34'), (307, '34', '3', '1', '2023-10-18 23:49'), (308, '9', '6', '8', '2024-1-21 4:16'), (309, '12', '4', '7', '2024-6-26 1:27'), (310, '2', '8', '6', '2023-9-16 14:2'), (311, '42', '8', '5', '2023-12-5 12:4'), (312, '22', '8', '7', '2024-5-25 15:54'), (313, '23', '4', '11', '2024-8-7 11:13'), (314, '10', '7', '9', '2023-7-18 22:43'), (315, '6', '5', '7', '2024-12-19 4:8'), (316, '22', '6', '7', '2024-12-13 18:46'), (317, '7', '3', '3', '2023-8-17 14:24'), (318, '23', '1', '1', '2024-2-4 3:4'), (319, '2', '4', '1', '2023-9-16 1:56'), (320, '34', '1', '11', '2023-3-22 5:58'), (321, '11', '3', '6', '2023-5-20 22:13'), (322, '18', '8', '7', '2024-2-14 20:7'), (323, '29', '8', '4', '2024-4-28 11:50'), (324, '12', '3', '11', '2024-11-26 12:49'), (325, '32', '5', '3', '2024-6-12 3:19'), (326, '37', '2', '7', '2024-1-11 24:22'), (327, '30', '7', '11', '2023-10-27 10:37'), (328, '45', '6', '1', '2023-5-17 10:52'), (329, '41', '2', '12', '2024-8-5 6:36'), (330, '39', '2', '9', '2023-4-29 13:8'), (331, '40', '6', '2', '2023-2-12 3:16'), (332, '7', '5', '5', '2023-5-10 17:38'), (333, '38', '3', '1', '2024-9-16 7:1'), (334, '26', '7', '1', '2024-9-12 3:17'), (335, '34', '6', '9', '2023-7-15 14:31'), (336, '35', '1', '2', '2024-9-11 20:4'), (337, '13', '6', '8', '2024-9-26 19:47'), (338, '37', '4', '1', '2024-1-1 18:35'), (339, '37', '2', '5', '2024-11-2 23:35'), (340, '3', '2', '5', '2024-4-26 24:52'), (341, '20', '6', '5', '2024-5-28 9:26'), (342, '8', '6', '10', '2024-11-11 10:60'), (343, '3', '5', '1', '2023-7-13 10:5'), (344, '15', '7', '9', '2024-8-21 20:18'), (345, '30', '5', '9', '2024-2-21 17:44'), (346, '45', '3', '6', '2023-6-11 7:13'), (347, '13', '2', '8', '2024-2-6 3:6'), (348, '20', '4', '6', '2024-4-16 16:7'), (349, '18', '4', '2', '2024-10-8 13:34'), (350, '41', '1', '3', '2023-6-25 2:45'), (351, '5', '2', '2', '2024-10-24 1:8'), (352, '1', '3', '8', '2023-12-15 23:37'), (353, '6', '6', '2', '2023-9-17 12:17'), (354, '37', '4', '8', '2024-4-29 1:14'), (355, '33', '3', '10', '2023-11-7 23:44'), (356, '40', '3', '12', '2023-11-14 3:21'), (357, '11', '6', '10', '2024-3-10 20:31'), (358, '23', '3', '7', '2023-3-13 21:51'), (359, '44', '7', '1', '2024-1-2 1:3'), (360, '7', '8', '4', '2024-11-29 3:45'), (361, '13', '7', '1', '2024-1-17 7:11'), (362, '9', '8', '6', '2023-10-16 15:40'), (363, '45', '3', '1', '2023-9-31 23:34'), (364, '16', '6', '2', '2024-7-31 20:50'), (365, '44', '7', '7', '2023-2-3 15:2'), (366, '5', '7', '2', '2023-5-24 13:36'), (367, '5', '1', '12', '2023-8-9 12:15'), (368, '29', '2', '6', '2023-1-17 11:47'), (369, '8', '5', '11', '2024-6-8 17:18'), (370, '11', '5', '4', '2023-10-13 15:1'), (371, '30', '8', '4', '2023-9-1 8:45'), (372, '3', '2', '1', '2024-5-13 15:43'), (373, '23', '8', '4', '2024-1-13 20:2'), (374, '8', '7', '10', '2024-10-15 5:34'), (375, '17', '1', '2', '2023-3-11 7:12'), (376, '30', '6', '12', '2023-11-27 13:34'), (377, '32', '1', '8', '2024-5-29 13:18'), (378, '2', '8', '1', '2024-4-22 1:42'), (379, '2', '8', '11', '2024-7-11 16:57'), (380, '2', '7', '7', '2024-9-19 23:6'), (381, '19', '5', '3', '2023-3-18 2:16'), (382, '43', '7', '8', '2023-8-9 21:8'), (383, '1', '7', '7', '2024-3-26 18:60'), (384, '23', '7', '7', '2024-5-24 6:11'), (385, '10', '1', '7', '2024-7-8 22:41'), (386, '31', '8', '8', '2023-2-23 15:36'), (387, '20', '1', '3', '2024-2-30 20:39'), (388, '2', '3', '7', '2023-8-6 5:15'), (389, '28', '8', '8', '2023-3-6 8:22'), (390, '22', '8', '1', '2023-5-24 23:28'), (391, '33', '5', '11', '2023-12-24 1:13'), (392, '20', '3', '10', '2024-3-13 24:51'), (393, '12', '5', '9', '2023-2-30 19:23'), (394, '28', '3', '6', '2023-6-20 8:56'), (395, '24', '1', '1', '2023-12-1 3:49'), (396, '9', '6', '8', '2023-2-16 2:57'), (397, '3', '2', '11', '2024-9-21 4:34'), (398, '41', '1', '12', '2024-4-2 19:31'), (399, '25', '8', '11', '2024-2-8 5:38'), (400, '33', '7', '12', '2023-1-7 8:49'), (401, '39', '1', '11', '2023-5-5 6:13'), (402, '43', '7', '1', '2023-3-29 4:30'), (403, '33', '5', '8', '2024-11-11 8:1'), (404, '20', '5', '2', '2023-5-30 22:14'), (405, '19', '2', '3', '2023-5-19 20:1'), (406, '16', '6', '6', '2024-2-16 1:7'), (407, '37', '8', '7', '2024-2-5 15:27'), (408, '25', '4', '1', '2023-6-1 4:46'), (409, '40', '5', '9', '2024-1-14 24:6'), (410, '6', '1', '4', '2023-3-12 2:24'), (411, '11', '5', '5', '2024-5-4 5:39'), (412, '16', '6', '1', '2024-12-23 14:59'), (413, '35', '8', '2', '2023-1-17 13:15'), (414, '21', '2', '3', '2024-12-19 19:29'), (415, '18', '5', '6', '2024-3-31 24:30'), (416, '45', '5', '10', '2024-3-30 9:37'), (417, '3', '5', '1', '2023-6-2 4:18'), (418, '44', '4', '2', '2023-12-5 3:18'), (419, '41', '6', '6', '2023-7-14 6:20'), (420, '39', '8', '7', '2024-2-30 7:3'), (421, '14', '7', '12', '2023-11-13 23:34'), (422, '18', '6', '12', '2023-5-31 15:60'), (423, '35', '1', '10', '2024-9-15 21:23'), (424, '32', '1', '5', '2024-1-13 5:56'), (425, '16', '2', '9', '2023-10-28 11:23'), (426, '3', '3', '2', '2024-4-2 12:48'), (427, '13', '3', '5', '2023-8-16 17:1'), (428, '8', '3', '10', '2024-9-19 6:6'), (429, '24', '3', '3', '2024-9-20 4:21'), (430, '32', '5', '8', '2023-11-24 12:9'), (431, '29', '7', '6', '2024-3-8 16:33'), (432, '9', '4', '6', '2024-5-7 2:22'), (433, '39', '3', '2', '2023-3-16 10:60'), (434, '12', '5', '4', '2023-10-26 23:47'), (435, '6', '1', '2', '2023-11-8 14:24'), (436, '15', '6', '5', '2023-2-12 19:15'), (437, '20', '5', '6', '2024-8-4 18:47'), (438, '30', '3', '8', '2023-4-7 10:15'), (439, '29', '7', '4', '2024-6-18 6:25'), (440, '14', '6', '7', '2024-9-29 5:48'), (441, '39', '1', '10', '2024-7-24 6:35'), (442, '16', '6', '10', '2024-11-19 12:57'), (443, '15', '3', '2', '2023-3-23 8:9'), (444, '14', '2', '3', '2024-2-5 14:39'), (445, '30', '5', '5', '2023-9-27 9:20'), (446, '18', '8', '3', '2024-9-17 12:19'), (447, '20', '2', '6', '2024-1-4 21:47'), (448, '7', '6', '5', '2024-8-29 19:16'), (449, '32', '5', '2', '2024-7-8 22:28'), (450, '41', '3', '4', '2024-4-2 22:56'), (451, '12', '8', '3', '2024-11-14 5:49'), (452, '13', '5', '2', '2023-11-21 15:28'), (453, '5', '6', '3', '2024-11-14 8:2'), (454, '11', '6', '12', '2023-12-11 14:11'), (455, '45', '5', '12', '2023-10-27 2:36'), (456, '20', '4', '10', '2023-1-3 21:44'), (457, '9', '4', '12', '2024-11-2 7:49'), (458, '12', '3', '2', '2023-3-8 15:46'), (459, '33', '1', '2', '2023-1-27 5:50'), (460, '2', '3', '9', '2023-4-2 12:39'), (461, '13', '1', '7', '2023-2-13 18:55'), (462, '8', '1', '3', '2024-8-18 20:58'), (463, '26', '5', '1', '2023-6-3 22:19'), (464, '39', '8', '12', '2023-7-17 14:8'), (465, '34', '5', '9', '2023-5-23 7:45'), (466, '34', '5', '10', '2024-10-11 15:30'), (467, '11', '4', '3', '2024-9-15 12:42'), (468, '37', '3', '12', '2024-11-28 20:51'), (469, '42', '2', '12', '2023-5-17 5:20'), (470, '31', '2', '8', '2023-11-19 22:50'), (471, '19', '4', '11', '2023-5-11 10:29'), (472, '20', '6', '2', '2024-4-16 4:50'), (473, '11', '2', '4', '2023-11-11 2:47'), (474, '41', '4', '7', '2023-9-14 2:32'), (475, '38', '3', '5', '2023-5-10 2:31'), (476, '43', '5', '6', '2024-10-31 21:32'), (477, '26', '3', '2', '2024-3-16 22:28'), (478, '36', '1', '8', '2024-12-8 1:12'), (479, '42', '2', '5', '2023-2-30 11:55'), (480, '33', '2', '10', '2023-5-22 14:31'), (481, '12', '3', '12', '2023-9-6 19:43'), (482, '13', '2', '11', '2023-5-22 9:4'), (483, '37', '6', '2', '2024-8-9 11:4'), (484, '39', '1', '12', '2024-2-19 21:28'), (485, '12', '3', '6', '2023-11-11 24:53'), (486, '41', '7', '7', '2024-11-5 16:5'), (487, '20', '6', '3', '2023-11-1 11:30'), (488, '15', '7', '10', '2024-3-10 5:60'), (489, '39', '5', '2', '2024-7-15 4:17'), (490, '43', '7', '12', '2023-8-28 5:48'), (491, '6', '6', '1', '2023-4-7 19:44'), (492, '16', '8', '7', '2024-7-3 24:57'), (493, '26', '5', '10', '2024-10-21 9:9'), (494, '28', '8', '6', '2024-6-20 22:10'), (495, '40', '7', '11', '2023-6-2 11:25'), (496, '30', '8', '5', '2024-5-16 4:32'), (497, '12', '7', '3', '2024-6-29 1:10'), (498, '12', '8', '1', '2024-4-17 14:8'), (499, '31', '6', '3', '2024-5-24 2:55'), (500, '2', '8', '8', '2023-6-12 12:12'), (501, '16', '3', '11', '2023-4-23 6:11'), (502, '18', '4', '2', '2024-1-3 18:27'), (503, '6', '6', '7', '2023-9-6 21:20'), (504, '38', '7', '9', '2024-9-15 23:22'), (505, '30', '8', '5', '2023-12-9 13:38'), (506, '29', '7', '1', '2023-4-5 9:23'), (507, '31', '8', '10', '2023-8-17 16:42'), (508, '19', '6', '6', '2023-5-23 22:32'), (509, '43', '6', '8', '2024-4-6 20:17'), (510, '2', '8', '7', '2024-11-9 2:56'), (511, '12', '1', '1', '2023-3-28 5:59'), (512, '40', '3', '9', '2024-1-31 7:52'), (513, '21', '4', '11', '2023-9-13 12:34'), (514, '10', '1', '8', '2024-7-11 22:29'), (515, '15', '2', '8', '2023-9-5 15:3'), (516, '1', '3', '4', '2023-9-29 8:5'), (517, '44', '4', '1', '2024-10-29 15:46'), (518, '16', '2', '1', '2024-9-18 21:26'), (519, '8', '8', '3', '2024-6-8 4:33'), (520, '30', '5', '10', '2024-3-30 4:13'), (521, '16', '1', '6', '2023-4-21 16:25'), (522, '4', '4', '9', '2024-2-3 15:60'), (523, '14', '4', '7', '2024-9-4 23:33'), (524, '11', '2', '3', '2023-7-22 16:53'), (525, '29', '6', '12', '2024-12-26 9:37'), (526, '38', '5', '9', '2023-6-16 11:9'), (527, '19', '5', '1', '2024-4-8 24:42'), (528, '2', '8', '9', '2024-5-17 14:46'), (529, '39', '8', '6', '2023-4-8 10:26'), (530, '43', '8', '8', '2024-9-3 10:23'), (531, '16', '5', '10', '2023-1-8 20:50'), (532, '9', '8', '9', '2023-8-1 23:1'), (533, '2', '5', '5', '2023-8-26 24:28'), (534, '30', '5', '8', '2024-11-12 16:17'), (535, '43', '3', '9', '2023-2-27 24:18'), (536, '26', '4', '9', '2024-9-4 21:12'), (537, '40', '8', '4', '2024-12-5 20:10'), (538, '38', '7', '8', '2023-9-5 16:52'), (539, '13', '6', '4', '2024-1-11 7:26'), (540, '38', '4', '3', '2023-6-2 19:53'), (541, '7', '6', '3', '2023-12-23 10:9'), (542, '2', '2', '7', '2024-11-14 22:58'), (543, '5', '4', '12', '2024-4-19 22:44'), (544, '25', '5', '11', '2024-8-18 3:57'), (545, '36', '8', '9', '2023-2-7 5:6'), (546, '34', '7', '6', '2024-2-26 19:44'), (547, '13', '7', '2', '2023-2-20 1:39'), (548, '11', '6', '9', '2024-8-29 22:53'), (549, '6', '8', '7', '2023-4-7 13:58'), (550, '38', '4', '5', '2023-7-21 1:3'), (551, '29', '7', '12', '2023-9-27 13:54'), (552, '27', '8', '8', '2023-9-30 11:37'), (553, '1', '3', '2', '2024-12-18 11:30'), (554, '22', '8', '6', '2024-1-26 14:8'), (555, '32', '1', '5', '2024-10-1 11:3'), (556, '6', '5', '1', '2024-3-20 1:26'), (557, '3', '3', '4', '2024-4-8 4:45'), (558, '27', '8', '4', '2024-6-16 1:22'), (559, '20', '2', '9', '2024-1-5 5:27'), (560, '30', '2', '9', '2024-9-7 2:38'), (561, '8', '1', '7', '2023-1-24 6:54'), (562, '22', '8', '10', '2024-4-1 8:52'), (563, '42', '1', '12', '2023-4-8 11:31'), (564, '5', '7', '8', '2023-3-30 2:48'), (565, '21', '7', '11', '2024-10-13 18:11'), (566, '9', '2', '10', '2023-1-25 17:50'), (567, '21', '3', '11', '2023-9-1 1:34'), (568, '12', '7', '3', '2024-5-24 7:32'), (569, '7', '7', '9', '2024-10-5 22:46'), (570, '10', '5', '5', '2023-3-4 2:33'), (571, '38', '2', '6', '2023-10-20 4:54'), (572, '20', '8', '11', '2023-1-2 11:29'), (573, '6', '3', '9', '2024-6-31 17:11'), (574, '33', '2', '1', '2023-7-16 24:16'), (575, '35', '8', '1', '2024-6-24 22:54'), (576, '26', '1', '9', '2023-12-11 20:42'), (577, '4', '4', '1', '2024-8-21 22:36'), (578, '11', '2', '7', '2023-12-4 5:19'), (579, '15', '3', '5', '2023-3-30 11:16'), (580, '30', '6', '9', '2023-1-27 18:16'), (581, '27', '8', '7', '2023-12-27 2:21'), (582, '25', '5', '6', '2024-2-5 19:37'), (583, '9', '2', '4', '2024-1-14 18:26'), (584, '13', '8', '6', '2024-12-1 16:14'), (585, '1', '1', '12', '2023-7-21 19:52'), (586, '21', '8', '5', '2023-5-10 2:59'), (587, '4', '8', '4', '2023-7-12 3:42'), (588, '6', '1', '9', '2023-4-26 2:12'), (589, '26', '4', '9', '2023-1-25 16:6'), (590, '8', '5', '4', '2023-9-5 23:26'), (591, '44', '7', '2', '2023-10-26 20:10'), (592, '26', '1', '2', '2024-10-5 23:53'), (593, '8', '2', '12', '2024-12-22 23:20'), (594, '38', '1', '11', '2023-11-14 5:22'), (595, '41', '1', '5', '2024-3-2 5:23'), (596, '42', '4', '4', '2024-2-11 5:3'), (597, '41', '7', '1', '2023-10-20 22:56'), (598, '4', '4', '12', '2023-9-10 3:55'), (599, '15', '1', '5', '2024-3-19 3:44'), (600, '12', '2', '12', '2023-10-22 8:22'), (601, '5', '6', '8', '2023-2-14 16:57'), (602, '38', '4', '7', '2023-6-19 20:37'), (603, '41', '4', '6', '2024-7-21 1:37'), (604, '17', '3', '4', '2024-9-1 4:1'), (605, '13', '1', '3', '2024-4-3 11:8'), (606, '18', '3', '10', '2024-8-22 13:40'), (607, '28', '7', '11', '2023-11-29 15:43'), (608, '26', '5', '2', '2023-1-5 24:25'), (609, '10', '6', '1', '2024-7-24 19:21'), (610, '13', '1', '7', '2024-9-11 14:18'), (611, '22', '4', '9', '2024-5-11 13:39'), (612, '26', '7', '1', '2024-4-5 10:11'), (613, '10', '1', '10', '2024-8-17 18:4'), (614, '44', '3', '2', '2023-10-23 8:50'), (615, '23', '8', '7', '2023-11-8 24:19'), (616, '12', '5', '2', '2023-8-1 24:33'), (617, '24', '4', '5', '2023-2-10 8:40'), (618, '2', '3', '8', '2024-7-13 11:5'), (619, '40', '4', '1', '2024-10-18 19:40'), (620, '24', '1', '1', '2024-10-12 17:10'), (621, '29', '3', '8', '2024-10-10 14:3'), (622, '20', '7', '4', '2023-12-10 9:8'), (623, '28', '1', '6', '2023-12-19 15:41'), (624, '36', '7', '3', '2023-6-17 10:54'), (625, '25', '6', '8', '2024-3-27 9:31'), (626, '16', '5', '11', '2023-2-27 7:32'), (627, '13', '5', '2', '2023-9-23 14:27'), (628, '24', '8', '2', '2024-11-19 21:17'), (629, '28', '6', '1', '2024-8-1 19:45'), (630, '37', '1', '9', '2023-3-30 8:28'), (631, '10', '1', '10', '2023-5-31 16:29'), (632, '22', '2', '1', '2024-6-18 17:57'), (633, '44', '2', '11', '2023-7-20 24:26'), (634, '15', '1', '6', '2023-7-4 3:59'), (635, '45', '6', '12', '2024-9-21 5:54'), (636, '15', '1', '6', '2024-4-7 20:60'), (637, '2', '7', '2', '2023-8-31 4:40'), (638, '16', '3', '3', '2024-7-16 2:6'), (639, '23', '4', '2', '2023-7-5 6:19'), (640, '28', '6', '10', '2024-1-7 8:1'), (641, '17', '3', '12', '2024-7-13 14:32'), (642, '15', '8', '3', '2024-1-13 3:60'), (643, '45', '1', '6', '2023-12-5 1:24'), (644, '4', '2', '9', '2024-10-10 8:7'), (645, '25', '7', '11', '2023-5-6 23:58'), (646, '4', '4', '11', '2024-8-31 24:51'), (647, '44', '8', '8', '2023-3-9 22:7'), (648, '18', '2', '1', '2023-8-26 19:48'), (649, '41', '5', '5', '2023-1-23 12:35'), (650, '38', '5', '12', '2024-6-12 1:7'), (651, '32', '6', '3', '2023-5-17 24:56'), (652, '30', '5', '2', '2023-6-11 16:21'), (653, '19', '4', '9', '2024-2-15 20:25'), (654, '10', '2', '5', '2023-12-31 17:51'), (655, '36', '4', '6', '2024-10-18 2:17'), (656, '22', '1', '2', '2024-11-14 6:20'), (657, '12', '6', '4', '2024-7-26 5:9'), (658, '21', '2', '11', '2023-2-18 11:50'), (659, '44', '7', '6', '2023-12-24 24:29'), (660, '17', '2', '1', '2024-12-5 3:3'), (661, '12', '3', '4', '2024-9-3 23:18'), (662, '1', '5', '11', '2023-1-23 22:10'), (663, '32', '8', '7', '2024-7-16 18:41'), (664, '41', '4', '11', '2024-12-22 13:53'), (665, '12', '7', '5', '2023-9-26 22:46'), (666, '34', '1', '5', '2024-6-7 20:27'), (667, '30', '8', '7', '2024-1-16 23:16'), (668, '32', '7', '5', '2024-6-25 4:60'), (669, '42', '6', '8', '2024-4-11 1:1'), (670, '13', '7', '10', '2023-5-10 13:48'), (671, '36', '5', '6', '2024-12-7 6:8'), (672, '29', '2', '11', '2024-9-10 19:18'), (673, '31', '1', '10', '2024-5-19 2:36'), (674, '1', '4', '6', '2024-4-27 19:32'), (675, '25', '4', '11', '2023-4-26 1:39');
